Cluster,Age,Height,Weight,FCVC,NCP,CH2O,FAF,TUE,Gender,family_history_with_overweight,FAVC,CAEC,SMOKE,SCC,CALC,MTRANS,NObeyesdad
0,24.724052151468314,1.7716455363214838,95.20665093817621,2.2465093415765067,2.7236069829984544,2.1440288825347755,1.0262189211746524,0.6089827047913448,Male,yes,yes,Sometimes,no,no,Sometimes,Public_Transportation,Obesity_Type_II
1,25.244127048076923,1.622924282051282,66.9100629198718,2.2801025576923073,2.5064605897435897,1.7987088750000002,0.937643451923077,0.6719488205128206,Female,yes,yes,Sometimes,no,no,Sometimes,Public_Transportation,Overweight_Level_I
2,23.48780026625387,1.687644811145511,120.96879584210527,3.0,3.0,2.2060424582043345,0.6668753343653251,0.6064946253869969,Female,yes,yes,Sometimes,no,no,Sometimes,Public_Transportation,Obesity_Type_III
3,22.15895488530466,1.6706066666666668,58.87324005017921,2.5007446845878136,2.831302383512545,1.811853641577061,1.1562772186379928,0.6318905949820788,Female,yes,yes,Frequently,no,no,Sometimes,Public_Transportation,Insufficient_Weight
4,24.877020230909093,1.688046038181818,81.47267433818182,2.3181974436363633,2.4840691381818183,1.9499442509090912,1.1604144727272727,0.75072706,Male,yes,yes,Sometimes,no,no,no,Public_Transportation,Obesity_Type_I
